"2020-06-08 18:55:11","jack-panther-dev","6.24.4.4","62772","9.189.15.13","22466","Unauthorized IP Tunnel Access","Roaming Computers"
"2020-06-08 18:55:11","jack-panther-dev","6.24.4.4","62772","9.189.15.13","22466","Unauthorized IP Tunnel Access","Roaming Computers"
"2020-06-08 18:55:11","jack-panther-dev","6.24.4.4","62772","9.189.15.13","22466","Unauthorized IP Tunnel Access","Roaming Computers"
"2020-06-08 18:55:11","jack-panther-dev","6.24.4.4","62772","9.189.15.13","22466","Unauthorized IP Tunnel Access","Roaming Computers"
"2020-06-08 18:55:12","jack-panther-dev","6.24.4.4","62772","9.189.15.13","22466","Unauthorized IP Tunnel Access","Roaming Computers"
"2020-06-08 18:55:12","jack-panther-dev","6.24.4.4","62772","9.189.15.13","22466","Unauthorized IP Tunnel Access","Roaming Computers"
"2020-06-08 18:55:13","jack-panther-dev","6.24.4.4","62772","9.189.15.13","22466","Unauthorized IP Tunnel Access","Roaming Computers"
"2020-06-08 18:55:13","jack-panther-dev","6.24.4.4","62772","9.189.15.13","22466","Unauthorized IP Tunnel Access","Roaming Computers"
"2020-06-08 18:55:15","jack-panther-dev","6.24.4.4","62772","9.189.15.13","22466","Unauthorized IP Tunnel Access","Roaming Computers"
"2020-06-08 18:55:15","jack-panther-dev","6.24.4.4","62772","9.189.15.13","22466","Unauthorized IP Tunnel Access","Roaming Computers"
"2020-06-08 18:55:19","jack-panther-dev","6.24.4.4","62772","9.189.15.13","22466","Unauthorized IP Tunnel Access","Roaming Computers"
"2020-06-08 18:55:19","jack-panther-dev","6.24.4.4","62772","9.189.15.13","22466","Unauthorized IP Tunnel Access","Roaming Computers"
"2020-06-08 18:55:27","jack-panther-dev","6.24.4.4","62772","9.189.15.13","22466","Unauthorized IP Tunnel Access","Roaming Computers"
"2020-06-08 18:55:27","jack-panther-dev","6.24.4.4","62772","9.189.15.13","22466","Unauthorized IP Tunnel Access","Roaming Computers"
"2020-06-08 18:55:35","jack-panther-dev","6.24.4.4","62772","9.189.15.13","22466","Unauthorized IP Tunnel Access","Roaming Computers"
"2020-06-08 18:55:35","jack-panther-dev","6.24.4.4","62772","9.189.15.13","22466","Unauthorized IP Tunnel Access","Roaming Computers"
"2020-06-08 18:55:43","jack-panther-dev","6.24.4.4","62772","9.189.15.13","22466","Unauthorized IP Tunnel Access","Roaming Computers"
"2020-06-08 18:55:43","jack-panther-dev","6.24.4.4","62772","9.189.15.13","22466","Unauthorized IP Tunnel Access","Roaming Computers"
"2020-06-08 19:43:35","jack-panther-dev","6.24.4.4","137","100.255.255.255","137","Unauthorized IP Tunnel Access","Roaming Computers"
"2020-06-08 19:43:36","jack-panther-dev","6.24.4.4","137","100.255.255.255","137","Unauthorized IP Tunnel Access","Roaming Computers"
"2020-06-08 19:43:38","jack-panther-dev","6.24.4.4","137","100.255.255.255","137","Unauthorized IP Tunnel Access","Roaming Computers"
"2020-06-08 19:43:38","jack-panther-dev","6.24.4.4","137","100.255.255.255","137","Unauthorized IP Tunnel Access","Roaming Computers"
"2020-06-08 19:43:39","jack-panther-dev","6.24.4.4","137","100.255.255.255","137","Unauthorized IP Tunnel Access","Roaming Computers"
"2020-06-08 19:43:41","jack-panther-dev","6.24.4.4","137","100.255.255.255","137","Unauthorized IP Tunnel Access","Roaming Computers"
"2020-06-08 19:43:43","jack-panther-dev","6.24.4.4","137","100.255.255.255","137","Unauthorized IP Tunnel Access","Roaming Computers"